datum,begriff,platz,treffer
2026-10-07,spruch des tages,0,30
2026-10-07,sprüche für mütter,0,30
2026-10-07,mama sprüche,0,13
2026-10-07,mental load,0,29
2026-10-07,sprüche zum nachdenken,0,30
2026-10-07,muttertag sprüche,0,30
2026-10-07,aufmunternde sprüche,0,30
2026-10-07,positive sprüche,0,30
2026-10-07,tagesspruch,0,30
2026-10-07,zitat des tages,0,30
2026-10-07,mutter sprüche,0,30
2026-10-07,affirmationen,0,30
2026-10-07,positive affirmationen,0,30
2026-10-07,mama affirmationen,1,13
2026-10-07,mamafunke,1,1
